Row,middle_median,ADvPC_h_paired,ADvPC_p_paired,ADvPC_normal_paired,ADvPC_h_unpaired,ADvPC_p_unpaired,ADvPC_normal_unpaired,ADvPC_p_ANOVA,ADvC_h_paired,ADvC_p_paired,ADvC_normal_paired,ADvC_h_unpaired,ADvC_p_unpaired,ADvC_normal_unpaired,ADvC_p_ANOVA,PCvC_h_paired,PCvC_p_paired,PCvC_normal_paired,PCvC_h_unpaired,PCvC_p_unpaired,PCvC_normal_unpaired,PCvC_p_ANOVA,AD_mean,PC_mean,C_mean,AD_median,PC_median,C_median,AD_std,PC_std,C_std,AD_values_ 1,AD_values_ 2,AD_values_ 3,AD_values_ 4,AD_values_ 5,AD_values_ 6,AD_values_ 7,AD_values_ 8,AD_values_ 9,AD_values_10,AD_values_11,AD_values_12,AD_values_13,AD_values_14,AD_values_15,AD_values_16,AD_values_17,AD_values_18,AD_values_19,AD_values_20,AD_values_21,AD_values_22,AD_values_23,AD_values_24,AD_values_25,AD_values_26,AD_values_27,AD_values_28,AD_values_29,AD_values_30,AD_values_31,AD_values_32,AD_values_33,AD_values_34,AD_values_35,AD_values_36,AD_values_37,AD_values_38,AD_values_39,PC_values_ 1,PC_values_ 2,PC_values_ 3,PC_values_ 4,PC_values_ 5,PC_values_ 6,PC_values_ 7,PC_values_ 8,PC_values_ 9,PC_values_10,PC_values_11,PC_values_12,PC_values_13,PC_values_14,PC_values_15,PC_values_16,PC_values_17,PC_values_18,PC_values_19,PC_values_20,PC_values_21,PC_values_22,PC_values_23,PC_values_24,PC_values_25,PC_values_26,PC_values_27,PC_values_28,PC_values_29,PC_values_30,PC_values_31,PC_values_32,PC_values_33,PC_values_34,PC_values_35,PC_values_36,PC_values_37,PC_values_38,PC_values_39,C_values_ 1,C_values_ 2,C_values_ 3,C_values_ 4,C_values_ 5,C_values_ 6,C_values_ 7,C_values_ 8,C_values_ 9,C_values_10,C_values_11,C_values_12,C_values_13,C_values_14,C_values_15,C_values_16,C_values_17,C_values_18,C_values_19,C_values_20,C_values_21,C_values_22,C_values_23,C_values_24,C_values_25,C_values_26,C_values_27,C_values_28,C_values_29,C_values_30,C_values_31,C_values_32,C_values_33,C_values_34,C_values_35,C_values_36,C_values_37,C_values_38,C_values_39
DepositSize,AD,0,0.769480146,1,0,0.486440362,1,0.468574634,NaN,NaN,NaN,NaN,NaN,NaN,NaN,NaN,NaN,NaN,NaN,NaN,NaN,NaN,70018.94872,84320.41026,NaN,45430,43588,NaN,76376.47319,102341.9544,NaN,133073,24770,3377,30,191002,45430,2,2096,2096,21955,105943,48218,78686,73947,107921,70117,3613,32678,67534,88491,119459,177571,42673,12218,235,85805,93510,29578,18043,6056,70031,19122,282410,229600,281881,5980,5007,18086,132495,31707,24863,12800,12104,270902,94109,76414,17283,77362,99961,2034,47755,350119,1634,31990,78067,6130,109243,88251,5551,43588,24457,217,120275,237092,62777,157740,5870,450634,1082,22799,278,220375,119264,24084,99021,189332,31716,39616,NaN,NaN,NaN,NaN,NaN,NaN,NaN,NaN,NaN,NaN,NaN,NaN,NaN,NaN,NaN,NaN,NaN,NaN,NaN,NaN,NaN,NaN,NaN,19,NaN,NaN,NaN,NaN,NaN,NaN,NaN,NaN,NaN,NaN,NaN,NaN,NaN,NaN,NaN
Background_Diattenuation_45_Mean,AD,1,0.025562158,1,0,0.438543164,1,0.442409421,1,1.62E-05,1,1,2.94E-08,1,2.84E-07,1,0.000229495,1,1,8.09E-05,1,0.000137061,0.086858646,0.072511927,-0.043848879,0.085424865,0.098070599,-0.08184068,0.011622558,0.114461019,0.131564104,0.088532666,0.084264029,0.078884799,0.066655864,0.085424865,0.114473028,0.090251724,0.079741606,0.079741606,0.08297619,0.07795565,0.11363348,0.091536652,0.102100759,0.112069869,0.086451586,0.085654837,0.079051571,0.074730655,0.093699276,0.07391786,0.07996018,0.08666385,0.076635413,0.08716465,0.084855148,0.066931648,0.094260338,0.078744069,0.105083498,0.095071263,0.08269227,0.088420336,0.092134284,0.083138419,0.068493288,0.094422166,0.083714744,0.097353069,0.090317272,0.099488977,0.099024201,0.120665277,0.078110777,0.100853442,0.116377278,0.080902088,0.11560311,0.080790702,0.026482074,0.092056459,-0.172939108,0.099043671,0.112422316,0.098070599,0.099754983,0.090689795,0.097041052,0.086488284,0.100253143,0.080086251,0.125298903,0.097992043,0.114332174,0.089763919,0.10744813,0.087064374,0.099195905,0.097520286,0.101568203,0.09375063,-0.565309445,0.107434981,0.099865974,0.084558364,0.101047237,0.104627119,0.090223715,-0.050282935,0.330538292,-0.014595787,-0.090689151,-0.017864157,0.02065668,0.210619245,0.068103843,0.459241999,-0.091365417,-0.090053335,0.069229904,-0.04356098,0.007121214,-0.07027827,-0.087643923,-0.097489991,-0.061181439,-0.062713855,-0.128229583,-0.085510678,-0.103148881,-0.087264403,-0.102588317,-0.327610949,-0.08184068,-0.097359006,-0.109407452,-0.082805488,-0.083353839,-0.110164329,-0.220646736,-0.05808221,-0.10336299,-0.076202501,-0.084011461,-0.047517128,-0.078174594,-0.030616987
Deposit_Diattenuation_45_Mean,AD,0,0.685701762,1,0,0.331435301,1,0.31803586,1,1.62E-05,1,1,4.79E-07,1,1.69E-06,1,0.000301109,1,1,8.60E-05,1,0.000156763,0.07358293,0.059989314,-0.043848879,0.073412251,0.07979493,-0.08184068,0.020806899,0.084319104,0.131564104,0.079097883,0.081677999,0.070108628,0.039139107,0.065581934,0.077004524,0.105652227,0.082641751,0.082641751,0.086708315,0.043518805,0.102369927,0.090897269,0.100205819,0.106026457,0.048314183,0.090200901,0.071659195,0.062091867,0.04854118,0.062592809,0.043590131,0.090171255,0.066050413,0.119506704,0.050825045,0.057886288,0.083820762,0.062971475,0.096060756,0.092173108,0.073412251,0.053632891,0.04255301,0.064826539,0.055004795,0.096132698,0.04804605,0.07639756,0.074531077,0.092957644,0.077715225,0.12136465,0.075231203,0.084880774,0.102356825,0.058988003,0.08795989,0.038493834,0.01753549,0.082175174,-0.169361525,0.083513296,0.072798255,0.063661296,0.09487306,0.059532559,0.074828282,0.085839556,0.091828982,0.064497305,0.114471474,0.091431038,0.105400856,0.090233578,0.069807352,0.07241387,0.047437682,0.085857582,0.101808053,0.10022631,-0.370048889,0.069834116,0.0947482,0.045055363,0.095955181,0.07979493,0.008955715,-0.050282935,0.330538292,-0.014595787,-0.090689151,-0.017864157,0.02065668,0.210619245,0.068103843,0.459241999,-0.091365417,-0.090053335,0.069229904,-0.04356098,0.007121214,-0.07027827,-0.087643923,-0.097489991,-0.061181439,-0.062713855,-0.128229583,-0.085510678,-0.103148881,-0.087264403,-0.102588317,-0.327610949,-0.08184068,-0.097359006,-0.109407452,-0.082805488,-0.083353839,-0.110164329,-0.220646736,-0.05808221,-0.10336299,-0.076202501,-0.084011461,-0.047517128,-0.078174594,-0.030616987
Background_Diattenuation_Circ_Mean,AD,1,0.024655711,1,0,0.986356863,1,0.985428584,1,0.023777242,1,0,0.173497886,1,0.174587829,1,0.032751644,1,0,0.21335529,1,0.200950177,-0.013514849,-0.013570081,-0.004772329,-0.013017866,-0.017848356,-0.001855143,0.005764346,0.019260793,0.039317128,-0.017086519,-0.023927334,-0.009099801,-0.014385664,3.46E-05,-0.008871047,-0.014007346,-0.012955958,-0.012955958,-0.007531692,-0.011297256,-0.013060395,-0.007472774,-0.01086784,-0.015969957,-0.017711122,-0.011261468,-0.01759526,-0.0133218,-0.013628576,-0.022089478,-0.015286548,-0.013017866,-0.016824749,-0.010827269,-0.016556056,-0.011152162,-0.011520593,-0.00941908,-0.014886792,-0.012388443,-0.007288532,-0.00724411,-0.01890497,-0.008760038,-0.005528069,-0.018712227,-0.020711336,-0.032987633,-0.016973872,-0.019310713,-0.024049293,-0.023776767,-0.015459804,-0.017700409,-0.018764236,-0.01545752,-0.019579838,-0.016428811,-0.016717406,0.004539924,0.049361706,-0.014825682,-0.013214308,-0.019677991,-0.01738779,-0.017848356,-0.013150194,-0.011894242,-0.019577837,-0.016380396,-0.02525475,-0.017872004,-0.020107349,-0.014766846,-0.02290736,-0.018444302,-0.024679002,-0.020854098,-0.019624691,-0.021914952,0.078823933,-0.015372952,-0.012199878,-0.021242608,-0.023681064,-0.017892131,-0.016969262,0.061833221,-0.052133661,-0.04194493,-0.046299422,0.020414207,-0.001855143,0.003801475,-0.019323684,-0.147906575,-0.005581418,0.026432645,0.011797313,-0.012036769,0.001241413,0.004902307,-0.00086556,0.016132797,0.048663377,-0.002183102,0.016937769,0.009900556,0.008900407,-0.013578583,0.020538397,-0.06767162,-0.018046178,0.004672841,-0.024349663,0.059850837,-0.003197307,-0.090415704,0.061090428,0.01495798,-0.005262077,-0.003194428,-0.013107742,-0.01445277,0.009029798,-0.003812272
Deposit_Diattenuation_Circ_Mean,AD,0,0.586272945,1,0,0.288256833,1,0.290560823,0,0.426360576,1,0,0.727022939,1,0.725555452,0,0.845103323,1,0,0.543674183,1,0.530827833,-0.007311591,0.00085286,-0.004772329,-0.002361165,-0.009178515,-0.001855143,0.022416515,0.042077754,0.039317128,-0.019387896,-0.02490312,-0.024110023,0.020668727,0.032621364,-0.029704438,0.015708121,0.010712378,0.010712378,0.009855145,-0.029900517,0.002946204,0.010714241,0.002222342,0.000916202,0.006615013,0.000179444,0.0168297,0.006427239,-0.017507111,-0.044681995,0.012476705,0.006557101,-0.033676176,-0.002361165,-0.044140775,-0.017062642,0.006058404,-0.010355822,-0.002822157,-0.016108346,0.037520738,0.010967932,-0.046246389,-0.025575854,-0.016159933,-0.008296427,-0.04429212,-0.04856851,-0.016291248,-0.036874188,0.010593281,-0.014651956,-0.009583618,0.020439138,-0.010735319,0.028900755,-0.0072782,-0.035643426,-0.045778345,0.038992181,0.053488715,-0.020311076,-0.020609767,-0.009178515,0.013828282,0.039625244,-0.03621336,-0.02071407,-0.023615407,-0.011470313,-0.032942257,0.027890079,0.001842212,0.007606966,0.000100729,-0.041851994,-0.047882393,-0.019229098,-0.006061707,-0.008151983,0.202272249,0.024272592,0.014431082,-0.015639808,-0.02368731,0.034571481,0.028801915,0.061833221,-0.052133661,-0.04194493,-0.046299422,0.020414207,-0.001855143,0.003801475,-0.019323684,-0.147906575,-0.005581418,0.026432645,0.011797313,-0.012036769,0.001241413,0.004902307,-0.00086556,0.016132797,0.048663377,-0.002183102,0.016937769,0.009900556,0.008900407,-0.013578583,0.020538397,-0.06767162,-0.018046178,0.004672841,-0.024349663,0.059850837,-0.003197307,-0.090415704,0.061090428,0.01495798,-0.005262077,-0.003194428,-0.013107742,-0.01445277,0.009029798,-0.003812272
Background_Diattenuation_Full_Mean,PC,1,0.005725705,1,0,0.074498797,1,0.076688696,1,3.37E-06,1,1,0.000306326,1,0.000470741,1,0.004226074,1,0,0.073341821,1,0.087819444,0.100211876,0.12277425,0.158510919,0.100758752,0.109422687,0.129041179,0.010582092,0.077193018,0.095640648,0.105283919,0.10593412,0.093014945,0.084318247,0.108292046,0.131930596,0.09640649,0.095811222,0.095811222,0.091886724,0.087598544,0.121792929,0.098367701,0.104790548,0.120405296,0.103976787,0.095839681,0.105263816,0.083808516,0.101859823,0.089868988,0.095631991,0.099153352,0.095726408,0.101112616,0.103018832,0.083113287,0.100758752,0.091970534,0.112915613,0.108831462,0.091378976,0.104458852,0.108920559,0.094854288,0.082730571,0.102347471,0.102466986,0.106610466,0.104670448,0.108642228,0.109422687,0.124733647,0.091776813,0.115432209,0.121720745,0.121060144,0.122967229,0.094202913,0.050479022,0.095336694,0.201304808,0.108270298,0.123574776,0.109442139,0.103430687,0.094998922,0.150896323,0.097528309,0.111022872,0.098561701,0.135720799,0.109078037,0.125169014,0.099817162,0.119721199,0.095640513,0.107057699,0.101326398,0.111025941,0.106189263,0.57404079,0.113282804,0.109878774,0.099752029,0.11305936,0.110000529,0.097959809,0.129961946,0.337041275,0.082195835,0.107977979,0.170562024,0.157710858,0.21690336,0.104230527,0.491521343,0.131778445,0.102469606,0.162120955,0.110254192,0.145966004,0.108474246,0.104976396,0.108957556,0.106226882,0.114505156,0.153268612,0.096766359,0.142805244,0.161499871,0.129041179,0.335118556,0.146566724,0.128170839,0.160619547,0.105757024,0.090127164,0.475876369,0.247586254,0.100005017,0.159149448,0.124584265,0.13758717,0.121644615,0.090567371,0.081349616
Deposit_Diattenuation_Full_Mean,PC,0,0.050736741,1,1,0.042356276,1,0.047245906,1,5.07E-07,1,1,9.20E-05,1,7.08E-05,1,0.002823113,1,1,0.040100455,1,0.049748001,0.094037851,0.118539414,0.158510919,0.092734312,0.101542227,0.129041179,0.018802,0.071681362,0.095640648,0.106292705,0.097701246,0.076738655,0.068033025,0.097474794,0.10278103,0.110238045,0.091976545,0.091976545,0.092549526,0.067570122,0.111500944,0.098584262,0.10219362,0.124755845,0.077011316,0.096831748,0.095269437,0.070909637,0.062884652,0.090556742,0.074491415,0.099979312,0.08935635,0.17375859,0.095541398,0.092734312,0.092709539,0.075705053,0.103435126,0.111667346,0.088133,0.090100394,0.086099774,0.096520548,0.07663256,0.10328818,0.088153128,0.095339735,0.09382086,0.10757289,0.092537989,0.126034096,0.085753923,0.102523939,0.113487842,0.101542227,0.106016896,0.072549715,0.062534877,0.095414552,0.198218451,0.096706681,0.09566015,0.07709883,0.103852897,0.080786262,0.295007821,0.093563051,0.101919412,0.08136441,0.226779785,0.102827462,0.113267797,0.09550484,0.08848267,0.092812123,0.091311301,0.107956646,0.108431646,0.15775754,0.465908759,0.089714086,0.103013757,0.062299081,0.11061183,0.096733495,0.125656539,0.129961946,0.337041275,0.082195835,0.107977979,0.170562024,0.157710858,0.21690336,0.104230527,0.491521343,0.131778445,0.102469606,0.162120955,0.110254192,0.145966004,0.108474246,0.104976396,0.108957556,0.106226882,0.114505156,0.153268612,0.096766359,0.142805244,0.161499871,0.129041179,0.335118556,0.146566724,0.128170839,0.160619547,0.105757024,0.090127164,0.475876369,0.247586254,0.100005017,0.159149448,0.124584265,0.13758717,0.121644615,0.090567371,0.081349616
Background_Diattenuation_Horz_Mean,AD,0,0.219432021,1,0,0.82386705,1,0.837107134,1,0.003234722,1,0,0.196063611,1,0.207236138,1,0.001265881,1,0,0.178753791,1,0.172898419,0.039070255,0.038023208,0.060167921,0.042608573,0.038411725,0.080078216,0.018403139,0.022769647,0.099324361,0.050863888,0.056363673,0.043818142,0.046005986,0.043434317,0.061797425,0.02612285,0.048481998,0.048481998,0.03432253,0.032709052,0.035599306,0.030616718,0.010314207,0.034172308,0.050828945,0.037532286,0.064800312,0.031124304,0.03300313,0.042556711,0.047014643,0.043151958,0.052064631,0.046831314,0.05283226,0.044014544,0.027693539,0.042608573,0.0348633,0.047367808,0.033135222,-0.05092512,0.051601122,0.041154831,0.041975732,0.030292901,0.052241187,0.0228714,0.047333893,0.034367513,0.035917013,-0.014323506,0.042282844,0.037370787,0.025959063,0.087506844,0.034081078,0.042579975,0.02664919,0.016252213,0.087742602,0.038411725,0.046621388,0.034757078,-0.014642582,0.011330742,0.111032317,0.040483133,0.04027131,0.048815648,0.044130083,0.041682818,0.044076717,0.038180362,0.044271427,0.031710416,0.027922963,0.011070541,0.037677456,0.04195215,0.057734008,0.029354717,0.041743613,0.045735124,0.040990018,0.025797954,0.018074495,0.100365981,0.035315137,0.066268052,0.032983497,0.167045088,0.155472614,-0.050556572,0.034348778,-0.092159198,0.092005822,0.038495381,0.145064351,0.09928353,0.144742812,0.081055462,0.055515125,0.042553743,0.069089665,0.093327299,0.080362433,0.040155249,0.097055828,0.133616314,0.073272324,-0.009685752,0.118742402,0.080078216,0.112682458,0.021624802,0.02963091,-0.453029002,0.089449471,0.076778744,0.119218527,0.096341977,0.106219288,0.109314994,0.042342515,0.072160653
Deposit_Diattenuation_Horz_Mean,AD,0,0.162865178,1,0,0.239660367,1,0.247130936,1,0.000941883,1,0,0.124361362,1,0.135441181,1,0.00033523,1,1,0.04937763,1,0.055076342,0.034897076,0.02466637,0.060167921,0.036023349,0.031350475,0.080078216,0.02119712,0.049568402,0.099324361,0.057594107,0.041943676,0.011963621,0.046180018,0.036023349,0.052896437,0.023520626,0.030893959,0.030893959,0.027041932,0.032301151,0.036737924,0.029672038,0.011259583,0.045446834,0.035245129,0.029326582,0.05661928,0.024432466,0.026012154,0.042311324,0.05155634,0.038165166,0.044719816,0.04483832,0.058729182,0.059565707,0.011744998,0.031703505,0.028190177,0.053405921,0.016605278,-0.062960474,0.04825584,0.056870994,0.045541902,0.028959359,0.054434906,0.022342891,0.041580845,0.029748405,0.044622851,-0.021366988,0.034296353,0.027578683,0.026038845,0.074574,0.035399959,0.038118686,0.029100985,-0.004883208,0.085060718,0.029935221,0.040035279,0.023049748,-0.021031475,-0.008304602,-0.238853481,0.02663474,0.030546865,0.033798188,0.087696572,0.023560993,0.033802528,0.026358735,0.034177079,0.032750436,0.02947,-0.004401653,0.033383996,0.044747543,0.042695699,0.005979012,0.033988326,0.023645659,0.044756612,0.031350475,0.082345797,0.100365981,0.035315137,0.066268052,0.032983497,0.167045088,0.155472614,-0.050556572,0.034348778,-0.092159198,0.092005822,0.038495381,0.145064351,0.09928353,0.144742812,0.081055462,0.055515125,0.042553743,0.069089665,0.093327299,0.080362433,0.040155249,0.097055828,0.133616314,0.073272324,-0.009685752,0.118742402,0.080078216,0.112682458,0.021624802,0.02963091,-0.453029002,0.089449471,0.076778744,0.119218527,0.096341977,0.106219288,0.109314994,0.042342515,0.072160653
Background_Diattenuation_Lin_Mean,PC,1,0.004818709,1,0,0.078993373,1,0.080305494,1,1.03E-05,1,1,0.000376008,1,0.000546028,1,0.006783914,1,0,0.082789596,1,0.097431384,0.098601007,0.12063035,0.154621516,0.099555573,0.107125576,0.127170674,0.010497713,0.076550891,0.093389213,0.10359315,0.102874196,0.092331512,0.082701711,0.104048921,0.131359497,0.09511998,0.094669367,0.094669367,0.091224058,0.086446623,0.120846365,0.097696914,0.103789622,0.118746957,0.101891722,0.09473002,0.103252227,0.082231851,0.100520197,0.086431132,0.093940986,0.097898789,0.093805578,0.10011353,0.101166925,0.081726533,0.099555573,0.091004373,0.111451739,0.107599613,0.090476527,0.103715415,0.106751945,0.093973597,0.082007315,0.100229124,0.099893264,0.100953055,0.10276484,0.1065407,0.106531469,0.122208593,0.090138554,0.113357551,0.119839262,0.119872014,0.121124558,0.092249343,0.046771465,0.094890728,0.194783737,0.107088599,0.122621927,0.107125576,0.101671482,0.092786868,0.150054672,0.096618226,0.109040747,0.096392576,0.133233756,0.107363185,0.123268341,0.098501906,0.117273094,0.093650464,0.103950472,0.098952932,0.109028309,0.103700036,0.568427847,0.112023713,0.1089649,0.09725426,0.110238671,0.108339669,0.095938588,0.114077501,0.33278002,0.069886778,0.097203307,0.169160305,0.157585063,0.216809885,0.101600335,0.468570581,0.130831035,0.098690071,0.161498937,0.10941818,0.145743693,0.108187548,0.104710011,0.107488905,0.093758553,0.114044932,0.152073396,0.09576277,0.142373893,0.160602659,0.127170674,0.328024193,0.145231684,0.127845515,0.15822618,0.086467617,0.089662163,0.466986509,0.238598353,0.098450526,0.158782971,0.124099929,0.136601501,0.120505645,0.089840957,0.080886343
Deposit_Diattenuation_Lin_Mean,PC,0,0.162865178,1,0,0.059896126,1,0.061357291,1,2.25E-07,1,1,3.44E-05,1,3.34E-05,1,0.000770572,1,1,0.010452003,1,0.014368229,0.087737189,0.107439768,0.154621516,0.088955053,0.094796446,0.127170674,0.016674611,0.062222004,0.093389213,0.100669022,0.093017138,0.072321954,0.063199697,0.084719594,0.096884622,0.109105123,0.089332851,0.089332851,0.091743922,0.058316574,0.110813644,0.096650614,0.101771835,0.121558646,0.06725144,0.096257706,0.09281874,0.069115144,0.059306844,0.077213884,0.070779263,0.099117964,0.081576764,0.132053251,0.082248204,0.086974044,0.088955053,0.073127549,0.101265122,0.108543008,0.077392246,0.08679267,0.0690448,0.090598512,0.073850366,0.102179585,0.074924038,0.080926093,0.086865127,0.098760271,0.090785228,0.123872969,0.084028374,0.097212826,0.106976038,0.096782014,0.096517628,0.061166063,0.038312813,0.084071985,0.190285438,0.090558097,0.088418506,0.073356291,0.100004466,0.063960792,0.290887206,0.090540907,0.097528232,0.075977871,0.178790856,0.096084332,0.111679772,0.094796446,0.085615208,0.080594665,0.065468479,0.094028533,0.10770029,0.111440423,0.389166192,0.076465182,0.101193283,0.056208339,0.107310955,0.087561866,0.119176973,0.114077501,0.33278002,0.069886778,0.097203307,0.169160305,0.157585063,0.216809885,0.101600335,0.468570581,0.130831035,0.098690071,0.161498937,0.10941818,0.145743693,0.108187548,0.104710011,0.107488905,0.093758553,0.114044932,0.152073396,0.09576277,0.142373893,0.160602659,0.127170674,0.328024193,0.145231684,0.127845515,0.15822618,0.086467617,0.089662163,0.466986509,0.238598353,0.098450526,0.158782971,0.124099929,0.136601501,0.120505645,0.089840957,0.080886343
Background_GeneralMetrics_DI_Mean,PC,1,0.022926054,1,0,0.052867053,1,0.109093044,1,0.000301109,1,1,0.013309292,1,0.013841917,1,0.004226074,1,1,0.046773024,1,0.052621217,0.852205217,0.865953279,0.925578912,0.853993948,0.861614981,0.877492924,0.018001474,0.03977051,0.179877365,0.856387089,0.867164722,0.846437345,0.858165888,0.856236732,0.86351848,0.85602042,0.859580231,0.859580231,0.848913063,0.840785671,0.872463012,0.854659281,0.863994799,0.893448562,0.8453056,0.865605174,0.876316073,0.839592717,0.816454197,0.862127248,0.846703552,0.863752164,0.861893664,0.870213749,0.852661633,0.84807315,0.834525825,0.85009763,0.853993948,0.849241531,0.845742574,0.780402562,0.826332449,0.848303488,0.849634356,0.853605974,0.840207588,0.857861102,0.826639128,0.861744153,0.867537852,0.907958404,0.857355564,0.83707768,0.845262691,0.875213325,0.852175044,0.859506533,0.853176773,0.864453692,0.877538422,0.869614619,0.867958071,0.835375233,0.860079698,0.86735766,0.851451273,0.863581297,0.868314326,0.859424017,0.862820826,0.860856804,0.859724755,0.867556951,0.868802447,0.865710919,0.846878166,0.844442866,0.862716339,0.861796348,1.094063535,0.859089863,0.856473135,0.861614981,0.866603988,0.846860485,0.857370009,0.852861284,1.544528112,0.877492924,0.83595718,0.843950882,0.843739991,0.725378404,0.923921552,1.647287477,0.887782675,0.89440425,0.846301287,0.866855068,0.854298857,0.905031934,0.85717412,0.877102018,0.89836167,0.873716083,0.876514031,0.892561443,0.894764726,0.87887507,0.912207263,1.291566099,0.863551741,0.88694902,0.878927142,0.830565789,0.920579127,1.125793973,0.937250137,0.874542483,0.887391749,0.854218807,0.886614167,0.806448665,0.875137805,0.866972574
Deposit_GeneralMetrics_DI_Mean,AD,0,0.944372754,1,0,0.874797072,1,0.860971525,1,2.81E-07,1,1,3.56E-06,1,2.16E-06,1,3.26E-07,1,1,4.89E-06,1,1.03E-05,0.764734195,0.76790355,0.925578912,0.797012606,0.792382538,0.877492924,0.089280634,0.087758575,0.179877365,0.771600065,0.832876916,0.782067636,0.82416889,0.763616984,0.715366825,0.835392979,0.835535975,0.835535975,0.792460533,0.68745302,0.83308495,0.82934312,0.850883508,0.849936179,0.643113797,0.824259757,0.83682519,0.710999727,0.475297381,0.835253075,0.676373971,0.834691251,0.804824988,0.883255234,0.715753303,0.673959667,0.711342478,0.774787898,0.798523317,0.797012606,0.793480644,0.529685583,0.641567971,0.734229177,0.800240025,0.813092286,0.666990616,0.80975009,0.759118594,0.814052433,0.7117897,0.855258226,0.814865138,0.799420054,0.784631879,0.800675374,0.776258555,0.675799918,0.808202675,0.812790008,0.859914972,0.810713805,0.690659837,0.575213373,0.795972923,0.763336993,0.73082717,0.799259634,0.831110546,0.702062128,0.902928207,0.752909477,0.770243243,0.824855125,0.675125314,0.839218801,0.667474532,0.775504887,0.843892277,0.880693435,0.792382538,0.64149407,0.823850933,0.439785214,0.837813368,0.728011187,0.780121917,0.852861284,1.544528112,0.877492924,0.83595718,0.843950882,0.843739991,0.725378404,0.923921552,1.647287477,0.887782675,0.89440425,0.846301287,0.866855068,0.854298857,0.905031934,0.85717412,0.877102018,0.89836167,0.873716083,0.876514031,0.892561443,0.894764726,0.87887507,0.912207263,1.291566099,0.863551741,0.88694902,0.878927142,0.830565789,0.920579127,1.125793973,0.937250137,0.874542483,0.887391749,0.854218807,0.886614167,0.806448665,0.875137805,0.866972574
Background_GeneralMetrics_DP_Mean,PC,1,0.004613293,1,0,0.058368526,1,0.099441552,0,0.131774833,1,0,0.062422925,1,0.060587823,0,0.856041867,1,0,0.369038421,1,0.378237923,0.152178603,0.130953226,0.107903126,0.152247196,0.140228682,0.13940224,0.019485377,0.066160181,0.144907747,0.145142819,0.133432943,0.158321372,0.144638394,0.146550295,0.138001856,0.145599235,0.14265471,0.14265471,0.152286066,0.160956669,0.129410052,0.147413759,0.136895385,0.108331583,0.158301497,0.136929188,0.12494639,0.164178433,0.188357697,0.143302758,0.15655772,0.138573245,0.141118783,0.131310427,0.149106866,0.155158452,0.169844705,0.154434959,0.153801145,0.154234189,0.157184259,0.221694783,0.178080919,0.154261052,0.152247196,0.164253293,0.170251874,0.184545845,0.178381574,0.140228682,0.13303261,0.095682832,0.145322907,0.165971467,0.158500172,0.125003207,0.14947499,0.143737438,0.149316377,0.136151976,0.111883722,0.131205768,0.131243825,0.168243696,0.140594639,0.134339142,0.147154367,0.138359495,0.132422933,0.142423801,0.137407546,0.139608535,0.140302086,0.133800564,0.130144463,0.138888203,0.155008969,0.156326453,0.137989611,0.139829315,-0.262189008,0.142203717,0.144103842,0.140323152,0.135102121,0.154122353,0.145528274,0.197544322,-0.152203965,0.13940224,0.172196073,0.197938071,0.177034357,0.299078678,0.13903367,-0.502733404,0.130890492,0.130751279,0.193578876,0.147259497,0.184453276,0.108945534,0.192606504,0.148567768,0.121268344,0.145507646,0.145500705,0.125687399,0.12707306,0.132676788,0.116695185,-0.236459478,0.148505804,0.128412942,0.138013343,0.198934667,0.090679365,-0.224566772,0.064648669,0.145568661,0.127199083,0.166869547,0.129297451,0.226622331,0.140719855,0.145024068
Deposit_GeneralMetrics_DP_Mean,PC,0,0.966606323,1,0,0.919674278,1,0.913764956,1,7.81E-07,1,1,4.92E-06,1,2.67E-06,1,4.12E-06,1,1,1.02E-05,1,1.61E-05,0.244444019,0.242181536,0.107903126,0.209940409,0.206117532,0.13940224,0.095156245,0.102205239,0.144907747,0.233912656,0.167750256,0.220690117,0.17895408,0.242064927,0.293192571,0.164764757,0.167542756,0.167542756,0.209626004,0.317816353,0.170334617,0.173166032,0.150316878,0.156340099,0.377996015,0.178910179,0.165418522,0.295147707,0.568713413,0.170647561,0.337312311,0.168636022,0.198838282,0.140432028,0.294182585,0.346771178,0.296961372,0.231265956,0.210079647,0.208358688,0.209940409,0.488926748,0.374257519,0.273219903,0.201817174,0.206302707,0.342698828,0.232467127,0.245812664,0.188510811,0.294265701,0.148246153,0.188799115,0.203725862,0.219444674,0.201306197,0.228535672,0.337616116,0.19620171,0.188713852,0.13298969,0.191951081,0.318344623,0.45079554,0.206117532,0.243174896,0.337877202,0.203151168,0.17005672,0.302356381,0.115509606,0.25195615,0.232596061,0.177330602,0.339977637,0.165865326,0.34316265,0.229183223,0.157267082,0.136471677,0.162434659,0.368708836,0.176624818,0.662885502,0.165339528,0.277606835,0.284166365,0.197544322,-0.152203965,0.13940224,0.172196073,0.197938071,0.177034357,0.299078678,0.13903367,-0.502733404,0.130890492,0.130751279,0.193578876,0.147259497,0.184453276,0.108945534,0.192606504,0.148567768,0.121268344,0.145507646,0.145500705,0.125687399,0.12707306,0.132676788,0.116695185,-0.236459478,0.148505804,0.128412942,0.138013343,0.198934667,0.090679365,-0.224566772,0.064648669,0.145568661,0.127199083,0.166869547,0.129297451,0.226622331,0.140719855,0.145024068
Background_GeneralMetrics_Q_Mean,PC,0,0.105494659,1,0,0.052767157,1,0.087191566,1,0.000770572,1,1,0.027175725,1,0.027599786,1,0.009065223,1,1,0.046481881,1,0.050875441,2.149216306,2.185708521,2.507653365,2.152771416,2.186393162,2.268877166,0.084363557,0.079361859,0.990162615,2.165759679,2.219978792,2.122378077,2.186182211,2.161946459,2.181520328,2.168433224,2.187064901,2.187064901,2.138055875,2.099124551,2.234586537,2.160665986,2.204402501,2.346126508,2.111540666,2.217878029,2.26735224,2.095176584,1.986648447,2.203748716,2.124199749,2.206373158,2.199143013,2.238258477,2.148697383,2.136957725,2.059051452,2.141037777,2.147688291,2.127241343,2.119337712,1.819172933,2.020282888,2.13155745,2.143753132,2.152771416,2.086654263,2.171622564,2.016698751,2.190056665,2.219459298,2.419076678,2.178761345,2.05749699,2.097842023,2.250124028,2.131077211,2.191046224,2.175446707,2.212660506,2.177909432,2.230600773,2.210935797,2.059584093,2.184460452,2.2271317,2.103447915,2.207041484,2.222182078,2.186393162,2.174678038,2.185640032,2.169910425,2.225499584,2.219630247,2.218774428,2.117607431,2.107072504,2.193563585,2.192112666,2.454161336,2.173746459,2.162081042,2.198382889,2.212290103,2.11379172,2.174256499,2.129328677,6.323829686,2.287799041,2.060481854,2.047838922,2.059485393,1.462519809,2.531737987,6.361373859,2.306252912,2.364029513,2.067832677,2.215132812,2.122815316,2.416898648,2.168971247,2.268877166,2.382676832,2.247234412,2.228187404,2.358003912,2.333630237,2.232939826,2.438715546,4.39725772,2.168811447,2.305135282,2.233088687,2.035419741,2.513406959,2.915766601,2.425132836,2.261608802,2.278949711,2.140008701,2.295611414,1.907919688,2.270297024,2.233472925
Deposit_GeneralMetrics_Q_Mean,AD,0,0.780168115,1,0,0.900318737,1,0.880640816,1,4.38E-07,1,1,2.93E-05,1,2.02E-05,1,4.38E-07,1,1,2.23E-05,1,4.29E-05,1.756500969,1.746262699,2.507653365,1.872322886,1.814947683,2.268877166,0.364110045,0.355309698,0.990162615,1.762206189,2.052479188,1.819002118,2.026732097,1.732851088,1.516225113,2.056445234,2.068220313,2.068220313,1.859419567,1.412582332,2.043378389,2.033822257,2.139554902,2.120410782,1.254056829,2.009486511,2.072484652,1.507350114,0.681919558,2.067961028,1.363781919,2.059758368,1.920363172,2.24434213,1.530436257,1.37345496,1.501861867,1.786849852,1.882158994,1.872322886,1.866547396,0.843560099,1.224027267,1.605299935,1.904528115,1.951276581,1.327672695,1.940486729,1.709123718,1.954141153,1.501597193,2.143767498,1.970215095,1.88406879,1.814947683,1.895478263,1.779368887,1.403385427,1.948939719,1.956665358,2.094888509,1.945334735,1.422543685,1.007373564,1.869038361,1.73557623,1.373481313,1.891384956,2.040696469,1.464810471,2.283161812,1.67584335,1.756776993,2.013531961,1.381254196,2.086563911,1.347004932,1.773012718,2.099840984,2.258582455,1.377101917,1.241101245,2.004004881,0.59481668,2.069154823,1.567912612,1.767752718,2.129328677,6.323829686,2.287799041,2.060481854,2.047838922,2.059485393,1.462519809,2.531737987,6.361373859,2.306252912,2.364029513,2.067832677,2.215132812,2.122815316,2.416898648,2.168971247,2.268877166,2.382676832,2.247234412,2.228187404,2.358003912,2.333630237,2.232939826,2.438715546,4.39725772,2.168811447,2.305135282,2.233088687,2.035419741,2.513406959,2.915766601,2.425132836,2.261608802,2.278949711,2.140008701,2.295611414,1.907919688,2.270297024,2.233472925
Background_RetardanceMetrics_Delta_Mean,PC,0,0.737685472,1,0,0.92095184,1,0.919332569,1,0.041607001,1,0,0.988446917,1,0.98842288,0,0.06345146,1,0,0.949245423,1,0.950325128,9.93902639,10.00946928,9.919208609,9.396276146,9.154590929,7.869178174,2.664073522,3.524878142,8.091663567,9.234487072,9.836125853,8.650371061,8.350263758,10.20963223,9.043938818,9.396276146,9.673810092,9.673810092,8.867061781,10.12554067,11.08881615,11.9341145,11.93617378,8.98734474,8.701849531,9.664790001,7.19914889,8.31790146,7.907109474,8.252017575,7.86590778,7.426814047,8.431573431,9.939331898,7.313619218,9.907590764,8.347816453,8.325085401,10.35467136,11.75125574,9.48982044,8.229516396,10.22687573,10.34796142,8.701752412,16.5992073,17.24478257,20.06786315,9.523852956,10.54984633,9.932350272,7.002501431,7.852166751,8.966701194,9.154590929,8.408250765,9.604167047,9.012443976,9.91839495,8.371179152,21.19285033,10.90190201,10.41599541,9.913554333,8.391781052,7.53132022,10.31828223,8.726626731,8.523004092,7.594662567,8.681314514,9.394836411,8.821148178,9.658539487,10.35446018,12.75724857,10.40164073,9.029721512,8.131920378,9.161678557,26.16896631,9.512832527,7.308762318,8.36086779,13.5750453,8.150565635,9.093328863,9.297440165,44.01727022,3.955650969,4.202281515,7.411554179,7.602873126,35.58718495,10.71625841,22.20006662,8.384697937,6.540298719,4.710770146,8.301572829,3.100821596,6.901338713,17.67752528,5.946655918,4.737773474,9.941290221,5.145607192,5.104180892,6.747059047,10.15466364,7.869178174,9.565247782,6.081805025,5.908228707,5.415135949,8.583856441,6.565973141,18.07146771,10.50177875,5.036463628,11.95669982,9.327553115,8.771281203,9.381144445,6.756843918,8.671642188
Deposit_RetardanceMetrics_Delta_Mean,AD,0,0.32864349,1,0,0.287367012,1,0.274736193,1,5.38E-06,1,1,9.49E-11,1,2.54E-08,1,6.30E-07,1,1,1.48E-10,1,1.07E-08,26.20835847,29.27099696,9.919208609,24.10049805,27.22388152,7.869178174,10.8625914,14.16562931,8.091663567,42.95368813,16.0161945,20.10276208,13.51865531,35.40319247,26.88065512,12.22255845,20.97836958,20.97836958,23.25836314,28.16814676,32.45128951,27.45782876,24.10049805,21.18381052,39.21485501,23.07491121,21.39289261,21.02063158,20.10112163,17.00730231,36.31100057,22.20071956,14.02793467,10.94489177,29.71870345,55.79572707,26.88409555,17.21593862,13.54178596,33.13547531,27.78541914,30.84460853,39.49483597,58.0114432,11.57472566,28.23061886,30.84808631,28.07387374,22.70996933,24.82415611,33.45407537,15.88250618,13.91372743,21.77731931,27.22388152,25.70541925,31.09431294,27.12787819,32.33270806,25.10718367,37.53290697,20.47408803,31.89150659,30.34559419,12.8271567,41.21504085,35.75695528,9.549825991,16.20877794,25.87123638,11.85792957,46.52744609,33.82535204,35.86502462,39.21660101,25.74280071,56.60497843,9.494044721,16.13891077,8.654306114,69.7176279,64.94889471,18.47447748,38.38938099,29.63910814,44.14265034,29.50312139,9.297440165,44.01727022,3.955650969,4.202281515,7.411554179,7.602873126,35.58718495,10.71625841,22.20006662,8.384697937,6.540298719,4.710770146,8.301572829,3.100821596,6.901338713,17.67752528,5.946655918,4.737773474,9.941290221,5.145607192,5.104180892,6.747059047,10.15466364,7.869178174,9.565247782,6.081805025,5.908228707,5.415135949,8.583856441,6.565973141,18.07146771,10.50177875,5.036463628,11.95669982,9.327553115,8.771281203,9.381144445,6.756843918,8.671642188
Background_RetardanceMetrics_Psi_Mean,AD,1,0.025562158,1,0,0.672414025,1,0.6943382,1,1.94E-07,1,1,3.16E-20,1,2.83E-15,1,2.61E-07,1,1,7.78E-17,1,4.38E-14,-0.231186169,-0.500182585,9.295159725,-0.392839978,-0.985336485,10.27881426,1.650369361,3.596947501,4.439400837,-2.629803258,-1.637724065,0.195143071,-0.917905091,-0.399077422,-0.647492021,-0.068919159,0.068234375,0.068234375,-1.977909372,-1.160707572,-1.19946972,-1.101710556,-1.484443455,-1.117211337,-0.363129673,0.000365832,-1.010043421,0.178311234,-1.201117442,0.509917512,0.219937384,-0.828023817,0.111547812,-0.392839978,-1.467654072,-0.251641834,-0.446463036,-0.929459216,0.83709526,0.185243915,-0.643984484,-2.117852275,0.065236954,-0.093397833,-0.371180666,2.969611182,2.657148385,7.376872895,-0.144051539,-0.534969805,-1.516493261,0.638608945,-0.375115967,-1.899294424,-4.150496729,-1.196844843,-2.26155389,-0.705084787,-0.634044334,-2.063506167,-0.277150148,-0.985336485,-1.100555418,-0.524260192,-1.159560916,-1.743275536,-1.322536981,-0.797901999,-0.951835545,-0.855118094,-0.832797026,-0.880555795,-2.086128812,-0.618410126,-2.415128243,1.770338613,-1.995718509,-1.239445454,-0.273535044,-1.080652255,20.65311772,-1.060584889,-1.017149182,-0.772912444,-1.392113318,-1.114106457,-0.590961462,6.98710465,3.078382425,12.25229843,11.14770521,12.72904717,8.545227342,1.658095735,11.55097625,-9.970464727,9.971900813,10.26601063,4.127988216,6.745901685,7.366480275,10.27881426,5.092199526,11.41109822,13.18366004,11.95834245,13.97340188,11.97983225,14.6212025,11.74140073,14.41430739,3.905070642,8.871735126,11.2735727,8.88143963,8.704093414,10.8546181,8.983847049,14.13309314,11.3609211,10.48232243,10.15511608,11.39913102,8.831337149,10.62048668,8.943531697
Deposit_RetardanceMetrics_Psi_Mean,AD,0,0.108532375,1,1,0.031057279,1,0.058782436,1,1.67E-07,1,1,6.36E-21,1,8.46E-16,1,8.38E-08,1,1,2.49E-22,1,5.23E-17,-0.811991782,-1.943419762,9.295159725,-0.86978419,-1.459810811,10.27881426,2.009256669,2.510937412,4.439400837,-4.790511456,-1.860797441,-0.013094895,-1.339127046,-1.920169082,-3.785347501,-0.86978419,0.253258652,0.253258652,-2.48450956,-2.118226656,-1.330938917,-1.689420703,-1.739150094,-1.400217995,-3.677055177,0.188306939,-0.993178009,-0.738683312,-0.278229674,0.384712382,-0.701336241,-1.045754297,0.117209318,-0.283528974,-3.178163225,-2.486076972,-0.156768952,0.447398045,1.197216881,-0.609341731,-0.161494153,-3.800381759,-1.615961224,-0.51085112,-1.059055016,3.04561098,2.609997046,6.472506959,-0.137065476,-0.025102305,-7.251315621,0.079526134,-0.267177331,-1.230991103,-3.569630184,-1.957806911,-2.959328562,-2.157188161,-0.348407304,-2.676577905,-0.109483182,-1.056364979,-2.86697828,-2.294611631,-1.520218004,-1.033680397,-2.479013717,-0.916045632,-1.103958724,2.449016978,-0.517947372,-5.226581486,-4.219897199,-1.019804432,-4.196902969,1.877028615,-9.113958742,-1.276936273,-0.403080224,-1.059804655,3.298829194,-7.951018886,-1.459810811,-2.490300986,-1.571415779,-3.338337167,-3.691029261,6.98710465,3.078382425,12.25229843,11.14770521,12.72904717,8.545227342,1.658095735,11.55097625,-9.970464727,9.971900813,10.26601063,4.127988216,6.745901685,7.366480275,10.27881426,5.092199526,11.41109822,13.18366004,11.95834245,13.97340188,11.97983225,14.6212025,11.74140073,14.41430739,3.905070642,8.871735126,11.2735727,8.88143963,8.704093414,10.8546181,8.983847049,14.13309314,11.3609211,10.48232243,10.15511608,11.39913102,8.831337149,10.62048668,8.943531697
Background_RetardanceMetrics_Theta_Mean,PC,1,0.03889087,1,0,0.102618591,1,0.106030338,1,1.11E-06,1,1,2.02E-10,1,1.83E-08,1,1.03E-05,1,1,2.44E-06,1,2.18E-06,115.2823677,111.6603494,93.47799369,115.2785711,113.4084173,91.16478349,4.228814526,13.02100436,18.07062372,112.9549771,104.2776666,114.202808,111.4246787,119.3696581,112.0780439,113.378611,116.8385489,116.8385489,123.2840598,105.3278668,115.9769329,116.8477256,124.8273294,107.1336833,118.6061573,115.2785711,114.1633467,119.0705606,117.4116732,114.4244846,119.1476233,122.504623,114.3072181,112.8492796,111.6958597,114.4310427,114.0572144,116.3475078,117.6032501,119.248567,114.1422425,116.0600592,114.8099861,117.6489331,117.2676844,115.7624691,113.6073462,110.8055021,115.5026532,112.3966934,111.9843558,98.98929415,108.065192,116.4242419,125.9368084,112.6632614,114.9533529,110.8649793,108.3482372,114.7215519,110.8702927,113.6031272,115.3446269,115.3225593,106.6917435,111.754178,120.3568966,116.9325575,111.8584043,113.2804718,113.6748669,115.3753133,121.6438634,115.5274686,110.6406769,108.7531394,112.7907553,113.9831369,118.6285236,112.7691989,37.05397514,115.9587187,113.1322806,115.4636566,117.0969584,111.9871991,113.4084173,60.37647107,91.4272644,112.4387158,83.93509988,84.13200759,98.71789543,118.2656385,105.9839754,109.5221725,85.50682066,93.79599783,109.6115556,98.20828303,71.87755615,90.46213341,45.97003644,89.27494196,95.46654438,90.23715243,75.71874486,81.98808189,86.43147508,86.2903544,89.96574211,162.7389492,88.94749565,84.72782878,95.4501567,103.6824008,97.47376093,123.7173756,91.16478349,87.0736468,96.98393141,91.67914592,94.77464446,90.51943717,87.3066502,93.79688611
Deposit_RetardanceMetrics_Theta_Mean,PC,0,0.485333618,1,0,0.500408115,1,0.527123112,0,0.158700733,1,0,0.238164488,1,0.252365157,0,0.695989472,1,0,0.759476912,1,0.739428593,101.1617119,95.52359744,93.47799369,110.4421302,103.2829648,91.16478349,36.08772718,37.44227767,18.07062372,117.7984923,73.72338659,58.41375155,68.21308168,110.4421302,69.09250608,6.373538934,143.7818445,143.7818445,140.4184945,83.31238571,130.3888496,134.5684014,137.3461372,25.51841779,99.56745479,134.6900787,161.3349451,86.11177429,113.9920955,74.80593298,58.1656015,143.2421989,77.85064227,119.8657377,74.55055443,113.3570156,133.9123704,44.29066078,89.11316927,121.6992856,140.4201009,130.2002535,91.42838378,116.3625007,72.85394235,129.3832652,97.27650196,77.65903357,100.3915113,98.31282865,137.5509177,121.7374671,36.58206592,50.72823394,123.2676604,115.2187535,42.69238925,83.57688433,103.2829648,145.9285797,120.4931685,103.5307042,82.94970303,104.2503206,53.14937273,125.9268146,137.576992,71.54324901,52.79673238,130.2239473,109.2622188,145.3961906,144.1238009,136.5607173,48.03352912,88.77459036,73.17097205,61.32660291,71.21106432,113.0858569,43.14470315,144.7754881,27.53360335,92.16609287,122.3059005,21.87828134,140.9594268,60.37647107,91.4272644,112.4387158,83.93509988,84.13200759,98.71789543,118.2656385,105.9839754,109.5221725,85.50682066,93.79599783,109.6115556,98.20828303,71.87755615,90.46213341,45.97003644,89.27494196,95.46654438,90.23715243,75.71874486,81.98808189,86.43147508,86.2903544,89.96574211,162.7389492,88.94749565,84.72782878,95.4501567,103.6824008,97.47376093,123.7173756,91.16478349,87.0736468,96.98393141,91.67914592,94.77464446,90.51943717,87.3066502,93.79688611
Background_Polarizance_45_Mean,AD,1,0.002242031,1,1,0.009275906,1,0.010234132,0,0.769480146,1,0,0.867884268,1,0.877492356,0,0.335600291,1,0,0.298236668,1,0.298349551,0.096803431,0.075408125,0.093664038,0.091869652,0.077955689,0.094469974,0.04718935,0.016665609,0.107565761,0.039814356,0.047096644,0.077027897,0.075810236,0.09545995,0.087046363,0.064908706,0.067152175,0.067152175,0.06018986,0.065758778,0.099240919,0.082474402,0.076002476,0.095788107,0.097902898,0.09594212,0.081692011,0.099522508,0.091869652,0.110279199,0.098556695,0.079732565,0.102418312,0.075538984,0.078564699,0.096340564,0.106510575,0.109159493,0.117705809,0.105342598,0.090292197,0.070771401,0.10580654,0.094393248,0.072446171,0.209654492,0.159383606,0.324584422,0.103536033,0.094961954,0.082386637,0.082071422,0.087885507,0.090767223,0.070743598,0.061765281,0.096488333,0.102436783,0.058004874,0.066701594,0.053366473,0.080984147,0.066762145,0.08813209,0.069280522,0.072043672,0.075529472,0.074660437,0.080476969,0.078140074,0.085535441,0.068666317,0.077955689,0.073259582,0.024398351,0.077238579,0.085332599,0.060479105,0.078790999,0.075630339,0.025363451,0.089466004,0.066314652,0.078929969,0.083954344,0.063404546,0.089071683,0.040678024,0.549691931,0.172647131,0.094469974,0.113526954,0.149675196,0.202588413,0.131073793,0.234029752,0.021236854,0.134659288,0.082188374,0.022610749,0.072448791,0.100439356,0.06205016,0.119346815,0.153275372,0.10966278,0.119127911,0.136270835,0.131823788,0.033108932,0.208777454,-0.185420306,0.012706299,0.083042941,-0.029804471,-0.015003351,0.0752622,0.012750643,0.137889952,0.133982513,0.021131394,-0.006568267,0.032353048,0.043190348,0.106638351,0.035337578
Deposit_Polarizance_45_Mean,AD,1,0.016383446,1,1,0.010637795,1,0.023913225,0,0.605620509,1,0,0.699930831,1,0.727047968,1,0.041607001,1,0,0.102541775,1,0.094783369,0.086403454,0.064523824,0.093664038,0.076489864,0.064558259,0.094469974,0.046539109,0.023575359,0.107565761,0.043314094,0.045580004,0.057524764,0.062995862,0.073887004,0.055216082,0.064642257,0.069854548,0.069854548,0.062408485,0.043169014,0.099388893,0.078301133,0.076489864,0.092538617,0.053272755,0.100189029,0.076406387,0.083647314,0.055957978,0.104012157,0.069307161,0.084379183,0.090943957,0.134635672,0.056992499,0.096210587,0.095437051,0.092197944,0.114350243,0.103235158,0.080887827,0.057485466,0.0570249,0.078029973,0.062428969,0.215030236,0.113062868,0.299444236,0.085326601,0.088570923,0.078317158,0.081569352,0.083870451,0.076605432,0.061527724,0.053898622,0.074220834,0.066869483,0.056413956,0.064558259,0.051048863,0.065563913,0.034958496,0.060547193,0.058704567,0.047240231,0.05300788,0.065989405,0.070530225,0.055753238,0.148008274,0.071928678,0.065444393,0.069670481,0.017736543,0.062629152,0.051843777,0.062370082,0.075769308,0.112232999,0.069383072,0.049675699,0.052722328,0.037946799,0.086035082,0.039999953,0.007939701,0.040678024,0.549691931,0.172647131,0.094469974,0.113526954,0.149675196,0.202588413,0.131073793,0.234029752,0.021236854,0.134659288,0.082188374,0.022610749,0.072448791,0.100439356,0.06205016,0.119346815,0.153275372,0.10966278,0.119127911,0.136270835,0.131823788,0.033108932,0.208777454,-0.185420306,0.012706299,0.083042941,-0.029804471,-0.015003351,0.0752622,0.012750643,0.137889952,0.133982513,0.021131394,-0.006568267,0.032353048,0.043190348,0.106638351,0.035337578
Background_Polarizance_Circ_Mean,AD,0,0.118062058,1,0,0.307486009,1,0.327992964,1,0.00338363,1,1,0.00916009,1,0.0120587,1,0.001858468,1,1,0.0053432,1,0.006886531,0.007758415,0.00547917,0.035174143,0.006450387,0.002802891,0.018827162,0.007394206,0.01171591,0.063588869,0.005093583,-0.001158506,0.005258432,0.004851555,0.012965798,0.004715349,0.00403186,0.00404586,0.00404586,0.007882255,0.018489246,0.006450387,0.01115741,0.008409081,0.008433007,0.000679747,0.011395541,-0.00942929,0.002997746,0.005371893,0.008265765,0.002480236,-0.00274707,0.001768609,0.01464924,0.002214165,0.009772493,-0.00323511,0.006160106,0.012779427,0.003289082,0.013439852,0.011023598,0.011475092,0.012964725,0.008878828,0.020903318,0.025069284,0.027739722,0.008540084,0.010015297,0.013709258,0.002764537,0.006588432,-0.008553085,-0.003858838,-0.006424901,0.006937169,0.008420623,0.010156204,0.022112581,0.058600005,0.017379189,0.015515154,0.00187852,0.002802891,0.003531365,0.002159568,0.010295328,-0.000764839,-5.98E-05,-0.004149412,0.002743451,-0.005001576,-0.000237592,0.003681185,0.027387035,0.006563003,-0.00506983,-0.000741507,-0.005563842,0.004424745,0.005773283,0.00594724,0.001639389,0.000173766,-0.003751387,-0.001875093,0.034875084,0.328006235,-0.013934772,-0.005045489,0.024337523,0.011257677,0.011501012,0.036923436,0.194459883,0.010333276,0.054171758,0.030710933,0.007176004,0.003825998,0.019108914,-0.049727507,0.051007415,0.065885779,0.013302436,0.019112343,0.037272299,0.018827162,-0.013957938,0.040233319,0.105225753,-0.030690825,0.01490076,-0.003232117,0.094253333,0.016804699,0.080566618,0.069634628,0.033517757,0.012680572,0.006669535,-0.000791673,0.01063997,0.026374884,0.005574886
Deposit_Polarizance_Circ_Mean,AD,0,0.911108868,1,0,0.575775655,1,0.612735924,1,0.00338363,1,1,0.005387038,1,0.007738932,1,0.000770572,1,1,0.002379341,1,0.002532544,0.004049738,0.001052146,0.035174143,0.000611619,-0.000657339,0.018827162,0.023636056,0.023471174,0.063588869,0.000611619,0.003938987,0.018893528,-0.00422755,-0.029539846,0.025381065,-0.006699622,-0.01857648,-0.01857648,-0.009796648,0.033285671,-0.006589123,-0.007269237,-0.006089322,0.008487851,-0.012452735,-0.005963045,-0.03466513,-0.023685201,-0.003012761,0.029591827,-0.01876929,-0.024270064,0.020237969,0.028372959,0.024126116,0.022377008,-0.023763586,0.01262154,0.003421398,0.004934054,-0.028695246,-0.002226398,0.041801632,0.020559566,0.013188253,0.00681147,0.056941447,0.067223586,0.007165809,0.022050558,0.000122925,-0.006061294,0.006154326,-0.035415429,-0.008640248,-0.026317473,0.003782505,0.027892207,0.021833493,-0.007664906,0.05116613,0.02238461,0.031518013,-0.000657339,-0.001836801,-0.033561886,-0.04784887,0.019634014,0.008003626,-0.006375221,0.001475843,-0.029317632,-0.02391611,-0.019958743,0.013380571,0.056513699,0.027756149,-0.002491875,-0.008183706,0.008666693,0.03036069,-0.021055106,-0.001000498,0.015062969,-0.003320127,-0.024035078,-0.026232803,0.034875084,0.328006235,-0.013934772,-0.005045489,0.024337523,0.011257677,0.011501012,0.036923436,0.194459883,0.010333276,0.054171758,0.030710933,0.007176004,0.003825998,0.019108914,-0.049727507,0.051007415,0.065885779,0.013302436,0.019112343,0.037272299,0.018827162,-0.013957938,0.040233319,0.105225753,-0.030690825,0.01490076,-0.003232117,0.094253333,0.016804699,0.080566618,0.069634628,0.033517757,0.012680572,0.006669535,-0.000791673,0.01063997,0.026374884,0.005574886
Background_Polarizance_Full_Mean,AD,1,0.002348639,1,1,0.011643178,1,0.014402014,1,9.70E-06,1,1,0.000162528,1,0.000676326,1,1.80E-07,1,1,9.97E-07,1,4.08E-06,0.110756707,0.091748195,0.185060011,0.103179328,0.090233572,0.166099965,0.043578719,0.014463792,0.10849742,0.088847179,0.069819615,0.09900925,0.094420131,0.109936832,0.106957484,0.082779397,0.092790236,0.092790236,0.071146847,0.084893897,0.109316988,0.09151264,0.088350489,0.100470881,0.112384677,0.105705303,0.091356223,0.110776987,0.105110599,0.125017719,0.108221573,0.097738278,0.108497982,0.089097897,0.094096816,0.104794242,0.114796051,0.118262781,0.139876615,0.115640779,0.103179328,0.08177001,0.12230351,0.101615705,0.079159002,0.212030556,0.16808494,0.326951905,0.115673197,0.105246469,0.087537228,0.147272545,0.094215185,0.110628304,0.077769851,0.084985044,0.107771678,0.106447314,0.08306666,0.077394115,0.09353994,0.089703171,0.079508376,0.094200167,0.077955402,0.08571039,0.088030433,0.095307442,0.089173043,0.090734768,0.09440244,0.080460235,0.086709628,0.086017319,0.059811336,0.111885886,0.091485885,0.078477822,0.090965669,0.090233572,0.081227216,0.097873367,0.080880656,0.093531955,0.098927352,0.078244293,0.09517424,0.068362689,0.752208518,0.199246435,0.096563511,0.23399889,0.170531838,0.204590225,0.169570008,0.426999767,0.123401675,0.176299435,0.191069186,0.11501864,0.191430262,0.144563745,0.162556744,0.166099965,0.184797275,0.16480201,0.169633025,0.173915837,0.2139726,0.160935146,0.241350329,0.214109975,0.126893431,0.142904856,0.165946627,0.185496531,0.12671392,0.110612015,0.193017747,0.171222435,0.152825101,0.147407657,0.148745654,0.143176661,0.16459371,0.121756345
Deposit_Polarizance_Full_Mean,AD,0,0.055897398,1,0,0.170457489,1,0.156264864,1,9.70E-06,1,1,8.10E-05,1,0.000331802,1,7.27E-07,1,1,2.51E-06,1,9.11E-06,0.105341435,0.091483089,0.185060011,0.093532842,0.080744838,0.166099965,0.050056855,0.037490635,0.10849742,0.090494327,0.064863104,0.072326137,0.085409462,0.090740584,0.077055922,0.074771598,0.094531527,0.094531527,0.070894969,0.071481423,0.106690278,0.086239126,0.085986671,0.107669098,0.071452048,0.105963662,0.090774744,0.097047095,0.0644004,0.124322295,0.090300556,0.098348355,0.100357823,0.262086677,0.084995109,0.11099412,0.10676233,0.102468178,0.129426047,0.114345355,0.092607194,0.068920139,0.093532842,0.094438945,0.072350943,0.216618847,0.134003092,0.308113426,0.102216574,0.102888142,0.079747641,0.135185831,0.090332898,0.092709187,0.070518047,0.070942957,0.092274342,0.07781651,0.090868902,0.071668912,0.092780489,0.080526747,0.066527257,0.068966157,0.071158922,0.071838532,0.094502823,0.085809557,0.080744838,0.073114052,0.211139358,0.081849158,0.074284613,0.078762991,0.053547739,0.118134531,0.073219067,0.103347472,0.087049647,0.249377674,0.088685239,0.068934144,0.066997757,0.054418447,0.100725512,0.065112751,0.129115061,0.068362689,0.752208518,0.199246435,0.096563511,0.23399889,0.170531838,0.204590225,0.169570008,0.426999767,0.123401675,0.176299435,0.191069186,0.11501864,0.191430262,0.144563745,0.162556744,0.166099965,0.184797275,0.16480201,0.169633025,0.173915837,0.2139726,0.160935146,0.241350329,0.214109975,0.126893431,0.142904856,0.165946627,0.185496531,0.12671392,0.110612015,0.193017747,0.171222435,0.152825101,0.147407657,0.148745654,0.143176661,0.16459371,0.121756345
Background_Polarizance_Horz_Mean,AD,0,0.30175843,1,0,0.248757747,1,0.265954372,1,5.51E-05,1,1,0.015185608,1,0.021011892,1,2.21E-05,1,1,0.007600808,1,0.008059777,0.044248839,0.038306635,0.08904763,0.04347927,0.042606637,0.113048921,0.013265781,0.029041348,0.111835302,0.077428526,0.048672199,0.059245653,0.052983965,0.040301312,0.059721095,0.048817957,0.061882016,0.061882016,0.033549541,0.047467234,0.042666319,0.034541205,0.04100769,0.020059028,0.051517309,0.039164586,0.036037222,0.045313192,0.047609843,0.055821485,0.041300369,0.053577217,0.031819376,0.040551161,0.048609589,0.035436928,0.038091168,0.041356225,0.072405021,0.043488834,0.04405582,0.033953848,0.057231714,0.030233836,0.024886867,0.017216074,0.04347927,0.022321991,0.048701163,0.041927138,0.023418292,-0.121647494,0.031165825,0.058822842,0.028797538,0.05675245,0.045660667,0.023862823,0.057065997,0.029195912,0.0468824,0.03214849,0.038054549,0.02392957,0.03334178,0.043794399,0.040440679,0.056970484,0.036297663,0.042606637,0.038213034,0.039893114,0.035114869,0.043226451,0.051548246,0.075169351,0.027855811,0.048389041,0.043800298,0.047205711,0.07552061,0.037590282,0.044474562,0.048660093,0.050064219,0.044101558,0.024941712,0.038277996,-0.394749405,0.097243929,0.015028536,0.202515322,0.079789039,0.023054059,0.096133143,-0.299065693,0.115680924,0.09899833,0.168794144,0.111605522,0.176472671,0.101176187,0.140915418,0.102127761,0.076860264,0.120670922,0.118088213,0.099505087,0.166738923,0.155188159,0.113048921,0.003792143,0.121422482,0.114128787,0.162186469,0.157936972,0.098949931,0.069948991,0.111368804,0.099369284,0.148407736,0.14523551,0.14385603,0.135193602,0.1215467,0.115415762
Deposit_Polarizance_Horz_Mean,AD,0,0.081093767,1,0,0.154779244,1,0.176273088,1,2.35E-05,1,1,0.003315357,1,0.005292449,1,1.83E-05,1,1,0.001211912,1,0.001773077,0.034305415,0.026768118,0.08904763,0.036099377,0.030907065,0.113048921,0.014161998,0.029532492,0.111835302,0.070164125,0.03970358,0.036099377,0.043472058,0.020379956,0.03686261,0.036140652,0.052423218,0.052423218,0.028359893,0.041050276,0.032342149,0.028811728,0.035446412,0.031405695,0.022920313,0.02735478,0.026915985,0.036700055,0.022250213,0.057197562,0.047561846,0.038810016,0.027297774,-0.002248995,0.050756423,0.040018964,0.015892985,0.033139179,0.052683827,0.038934224,0.023606537,0.016207413,0.049875284,0.038315514,0.026961243,0.012502313,0.037306782,0.011866006,0.044959981,0.041301288,0.003414526,-0.104720843,0.029746903,0.029857663,0.025038958,0.03509572,0.038858327,0.017307149,0.063784218,0.019670274,0.055690858,0.026032265,0.031164842,0.007605535,0.026572868,0.031680676,-0.024251436,0.048505668,0.033203373,0.035102261,0.004689687,0.007111713,0.016522166,0.026763443,0.039166553,0.076553905,0.013052619,0.033477606,0.03841759,0.030907065,0.005410528,0.005426265,0.039043574,0.023273125,0.049342167,0.038989118,0.080188422,0.038277996,-0.394749405,0.097243929,0.015028536,0.202515322,0.079789039,0.023054059,0.096133143,-0.299065693,0.115680924,0.09899833,0.168794144,0.111605522,0.176472671,0.101176187,0.140915418,0.102127761,0.076860264,0.120670922,0.118088213,0.099505087,0.166738923,0.155188159,0.113048921,0.003792143,0.121422482,0.114128787,0.162186469,0.157936972,0.098949931,0.069948991,0.111368804,0.099369284,0.148407736,0.14523551,0.14385603,0.135193602,0.1215467,0.115415762
Background_Polarizance_Lin_Mean,AD,1,0.001858468,1,1,0.010321585,1,0.012294731,1,1.52E-05,1,1,0.000174813,1,0.000740595,1,2.81E-07,1,1,4.69E-07,1,2.18E-06,0.109837819,0.090500142,0.176922348,0.101711033,0.088951934,0.16398236,0.04347071,0.014771689,0.096813246,0.08839073,0.069492632,0.098640232,0.093929921,0.105511629,0.106544957,0.082413804,0.09244441,0.09244441,0.070233407,0.08229761,0.108903126,0.090452642,0.087524476,0.099457039,0.111886178,0.104711098,0.090431027,0.110338523,0.104615431,0.124414027,0.107897459,0.097295354,0.108171955,0.087409039,0.093634915,0.103834664,0.114358061,0.117744914,0.138959986,0.115081263,0.101711033,0.080330428,0.121330912,0.100364391,0.078145818,0.210825925,0.165846911,0.325654602,0.115006247,0.104498071,0.086223051,0.147095875,0.093774994,0.109345413,0.077286606,0.084525533,0.107299755,0.105718747,0.082207616,0.07384206,0.072222612,0.087781542,0.077665531,0.093816427,0.077620606,0.085182137,0.087488297,0.094587714,0.088951934,0.089956649,0.094180336,0.080146249,0.08622777,0.085844625,0.05929525,0.108313135,0.091035178,0.078149306,0.090725845,0.089880295,0.080865801,0.097502195,0.080462438,0.093344196,0.098675739,0.07797456,0.094785201,0.057325609,0.676831077,0.198585497,0.096222892,0.232583276,0.170052748,0.204174202,0.165060909,0.37993242,0.122102005,0.167612723,0.188389476,0.114640593,0.191215779,0.14315949,0.154582178,0.15785091,0.172276941,0.16398236,0.168304993,0.169621147,0.213034896,0.160036667,0.23786575,0.185910559,0.122894329,0.141915129,0.16558345,0.159455735,0.125216956,0.074115989,0.178209143,0.167662499,0.151933791,0.146914294,0.148422742,0.142574603,0.162313833,0.121404004
Deposit_Polarizance_Lin_Mean,AD,1,0.021302786,1,0,0.082771614,1,0.067524874,1,9.70E-06,1,1,2.69E-05,1,0.00015982,1,3.51E-07,1,1,2.18E-07,1,1.28E-06,0.099858454,0.083778262,0.176922348,0.086353876,0.075706382,0.16398236,0.047089662,0.032333562,0.096813246,0.085672211,0.06248692,0.069254926,0.079290903,0.079169701,0.070153198,0.074358936,0.091070172,0.091070172,0.069772249,0.062097366,0.106082399,0.084776581,0.085468818,0.104258308,0.063453277,0.105295012,0.08286149,0.092870912,0.063323707,0.119774284,0.086144503,0.094602542,0.097217534,0.22029163,0.079209318,0.106767846,0.100292521,0.100216918,0.127630773,0.11238961,0.086353876,0.064902802,0.079602488,0.08950766,0.070168378,0.216095191,0.120483566,0.300040992,0.097596901,0.09855461,0.079392649,0.133395708,0.089510406,0.084129339,0.067921819,0.065306488,0.085293289,0.07087037,0.086706896,0.06919425,0.076665269,0.072657509,0.051813086,0.066471294,0.068033973,0.059384327,0.072812104,0.083045736,0.079277386,0.067899467,0.175568935,0.074471183,0.068927031,0.075706382,0.049120514,0.10208754,0.060433746,0.094040141,0.086061158,0.215648761,0.081591192,0.05793471,0.066353732,0.049804486,0.100218997,0.058688679,0.124762163,0.057325609,0.676831077,0.198585497,0.096222892,0.232583276,0.170052748,0.204174202,0.165060909,0.37993242,0.122102005,0.167612723,0.188389476,0.114640593,0.191215779,0.14315949,0.154582178,0.15785091,0.172276941,0.16398236,0.168304993,0.169621147,0.213034896,0.160036667,0.23786575,0.185910559,0.122894329,0.141915129,0.16558345,0.159455735,0.125216956,0.074115989,0.178209143,0.167662499,0.151933791,0.146914294,0.148422742,0.142574603,0.162313833,0.121404004
Background_Retardance_45_Mean,PC,0,0.167111515,1,0,0.147056899,1,0.124781193,1,1.25E-05,1,1,2.59E-06,1,7.68E-06,1,0.000285294,1,1,0.00228052,1,0.00220231,-7.370915234,-5.984889394,-1.530276839,-6.819622827,-6.691874522,-0.52131689,2.09563841,5.524384912,6.862276831,-6.517678999,-4.8396919,-6.435503882,-5.631475192,-7.902856935,-6.196489602,-6.733435209,-7.751431914,-7.751431914,-7.639054614,-4.927032702,-8.715095139,-9.444051279,-10.58441865,-5.250333266,-7.128884942,-7.406260852,-4.817865514,-6.692680054,-6.193099311,-5.909675797,-6.168293741,-6.567810055,-6.165245891,-7.081664092,-4.837098804,-7.32867079,-6.056046166,-6.591209115,-8.448071875,-9.701168601,-6.819622827,-5.916994922,-7.098328071,-8.4165257,-6.994063022,-12.99625676,-12.4844613,-13.32571476,-7.161066185,-7.282892238,-6.870618568,-2.034269819,-4.993802238,-6.440734289,-8.147704629,-5.798994852,-7.203276995,-5.716053371,-5.834796007,-6.212765361,-14.21293753,-7.979000664,-7.982567307,-7.544043671,-4.574548771,-4.857077447,-8.752552343,-6.956456739,-5.841624873,-5.394911952,-6.36007557,-7.219698567,-7.022777973,-7.506119011,-6.778483118,-7.708927329,-7.198748662,-6.691874522,-6.467769799,-6.510015325,25.68752913,-7.322120382,-5.094836336,-6.442950083,-10.97036187,-5.525747747,-6.485013338,7.976554471,-2.166868785,-2.75883865,0.901348288,1.52402991,-2.269604382,-29.68488017,-5.770957567,-14.02066144,1.286269293,-0.858282038,-2.922372415,-2.346835175,1.791608406,-0.10532292,17.66983361,0.151186465,-0.904024778,-0.123253937,2.394529561,1.391296857,0.854034817,1.306833075,0.01333353,-5.398815748,0.225677858,1.104387194,-0.99072744,-3.95122285,-1.6786396,-16.72390592,-0.52131689,0.512454344,-2.908573593,-0.547712218,-1.451613776,-0.164540906,0.626243825,-1.141447036
Deposit_Retardance_45_Mean,AD,0,0.685701762,1,0,0.592916395,1,0.629362411,1,0.027461837,1,1,0.016704997,1,0.02005203,0,0.091304789,1,0,0.158183386,1,0.153465287,-8.560602831,-6.334092166,-1.530276839,-7.709528282,-8.038920775,-0.52131689,16.5761513,19.89902018,6.862276831,-28.85516537,5.133820341,18.25009738,-0.06864445,-4.231731243,16.43449542,2.700955341,-19.60499729,-19.60499729,-22.7791481,3.101411707,-31.87278104,-25.73462742,-23.60456791,15.44462328,-0.869222287,-22.79776677,-12.11201916,-0.835625014,-15.64200785,6.477026395,7.69807707,-20.98234346,5.352370368,-7.709528282,6.288532382,-42.60028658,-18.00463675,15.23532893,-2.010042338,-27.9079451,-11.0142485,-15.66853934,2.311753062,-43.69029656,3.314865655,-27.62709894,-8.868410697,13.08981,-2.119505132,-8.265057914,-32.38808337,-8.895454402,11.29507689,3.144071199,-13.49368103,-9.19426735,7.026559449,3.059776383,-13.32766147,-19.31165541,-32.22419904,-2.142811299,4.95589376,-13.61470104,3.181958023,-8.97091813,-23.77171207,5.681663334,12.4074322,-16.41102823,-8.038920775,-40.81035787,-27.41492232,-35.63160343,15.66341707,1.069035594,17.00700746,4.163428791,-4.956504555,-5.870893195,67.35073269,-41.9703107,8.256833604,-9.559097746,-25.9617392,12.56430549,-19.51170074,7.976554471,-2.166868785,-2.75883865,0.901348288,1.52402991,-2.269604382,-29.68488017,-5.770957567,-14.02066144,1.286269293,-0.858282038,-2.922372415,-2.346835175,1.791608406,-0.10532292,17.66983361,0.151186465,-0.904024778,-0.123253937,2.394529561,1.391296857,0.854034817,1.306833075,0.01333353,-5.398815748,0.225677858,1.104387194,-0.99072744,-3.95122285,-1.6786396,-16.72390592,-0.52131689,0.512454344,-2.908573593,-0.547712218,-1.451613776,-0.164540906,0.626243825,-1.141447036
Background_Retardance_Circ_Mean,AD,1,0.025562158,1,0,0.66205435,1,0.684792912,1,1.80E-07,1,1,2.95E-20,1,2.70E-15,1,2.43E-07,1,1,5.73E-17,1,3.53E-14,-0.465625568,-1.01364853,18.55331578,-0.783656017,-1.964633517,20.53240996,3.27598713,7.078177216,8.857207287,-5.246686171,-3.267002894,0.389605084,-1.832202023,-0.796185832,-1.292210601,-0.137430304,0.136164654,0.136164654,-3.947089223,-2.313909928,-2.391061317,-2.194673308,-2.956471011,-2.22967148,-0.724422538,0.000575139,-2.017255104,0.356071105,-2.398084414,1.018002811,0.439214223,-1.653416928,0.22271055,-0.783656017,-2.930898639,-0.50196163,-0.890938862,-1.855616731,1.669639572,0.369610738,-1.284974209,-4.227110757,0.130448199,-0.186157252,-0.740911391,5.897325902,5.272985543,14.60208326,-0.287484846,-1.066885536,-3.025128055,1.275504933,-0.74895563,-3.791263925,-8.282079643,-2.389330572,-4.512059849,-1.406729936,-1.264920867,-4.119365119,-0.546633186,-1.964633517,-2.194859912,-1.025011993,-2.314933523,-3.481319887,-2.637712736,-1.592676083,-1.900030971,-1.707906977,-1.662369014,-1.756982328,-4.162878427,-1.233796988,-4.816535021,3.525997926,-3.978895938,-2.473739973,-0.545971348,-2.156675856,40.57111831,-2.116166415,-2.031495352,-1.543022739,-2.768476748,-2.224391072,-1.173593868,13.94282204,5.874571885,24.49440476,22.28505097,25.42168456,17.06509107,3.208637289,23.02885354,-19.68976378,19.90772885,20.50929578,8.25118779,13.46799175,14.72914213,20.53240996,10.1028859,22.80115267,26.35158236,23.85519911,27.92662993,23.94313287,29.20778111,23.42054216,28.78237489,7.792018746,17.72636327,22.52643012,17.74874551,17.37508751,21.68494436,17.81785171,28.18510636,22.70654208,20.88761753,20.26471132,22.75296079,17.62261089,21.21569405,17.85224173
Deposit_Retardance_Circ_Mean,AD,0,0.204118539,1,0,0.071254158,1,0.11753729,1,1.67E-07,1,1,5.89E-21,1,7.97E-16,1,7.76E-08,1,1,4.30E-22,1,3.75E-17,-1.513231279,-3.286705573,18.55331578,-1.732963079,-2.539615085,20.53240996,3.856317282,4.666768761,8.857207287,-8.969401421,-3.689472112,-0.023379427,-2.665296007,-3.500687874,-7.333971409,-1.732963079,0.500584567,0.500584567,-4.899641999,-4.12476776,-2.584083057,-3.308194994,-3.426066691,-2.758838074,-6.536982978,0.371714719,-1.963324473,-1.448780637,-0.582982525,0.763760349,-1.298940523,-2.064759881,0.233435253,-0.569449658,-6.162664874,-3.82667275,-0.367709227,0.877301387,2.384652123,-1.160622055,-0.326012502,-7.315341317,-2.963200191,-0.639615643,-2.110211368,5.967323947,5.07017969,12.66847804,-0.26621937,-0.050308696,-13.97327162,0.158168683,-0.531374287,-2.42958978,-6.984828365,-3.840511445,-5.702446262,-4.017988076,-0.673950039,-5.25426187,-0.209808367,-2.090010385,-5.452149224,-4.00985243,-3.027309213,-1.990739137,3.697521648,-1.827766041,-2.19198412,4.814731769,-1.010620531,-9.616353574,-8.138108802,-1.968694523,-7.054216274,3.685824047,-16.31769747,-2.539615085,-0.797675096,-2.117329884,7.194901571,-11.31978586,-2.889875861,-3.356919385,-3.065861326,-6.097661369,-6.917881286,13.94282204,5.874571885,24.49440476,22.28505097,25.42168456,17.06509107,3.208637289,23.02885354,-19.68976378,19.90772885,20.50929578,8.25118779,13.46799175,14.72914213,20.53240996,10.1028859,22.80115267,26.35158236,23.85519911,27.92662993,23.94313287,29.20778111,23.42054216,28.78237489,7.792018746,17.72636327,22.52643012,17.74874551,17.37508751,21.68494436,17.81785171,28.18510636,22.70654208,20.88761753,20.26471132,22.75296079,17.62261089,21.21569405,17.85224173
Background_Retardance_Full_Mean,AD,0,0.878000066,1,0,0.602847778,1,0.603926421,1,9.78E-08,1,1,1.60E-18,1,5.19E-13,1,1.28E-06,1,1,1.05E-12,1,5.37E-10,10.43029715,11.04541523,23.39758213,9.771217647,9.62944505,23.28205662,3.23153514,6.60382817,6.175713732,10.73852663,10.46405207,8.761892433,8.68710532,10.41952869,9.250805281,9.520894929,9.771217647,9.771217647,9.810378592,10.4963561,11.42506487,12.22610298,12.39192681,9.375908656,9.003423874,9.797029974,7.612516646,8.479007833,8.459017449,8.439138588,8.034868069,7.748323565,8.563762946,10.06786857,8.04303848,10.05282109,8.564354262,8.68087532,10.56747277,11.88576053,9.713431688,9.497340787,10.37621924,10.48915346,8.878842984,17.69618173,18.11578934,24.90437118,9.62944505,10.67532084,10.43378339,7.181801894,7.975418307,10.03418563,12.47966905,8.795651123,10.69232417,9.21569393,10.07525797,9.385273532,21.23981015,11.12152375,10.70401712,10.04407869,8.774584527,8.368117266,10.72281796,8.926131239,8.786045157,7.882517675,8.888814381,9.605581831,9.853851694,9.79646149,11.59874122,13.28009675,11.20484865,9.415175791,8.201855166,9.464409031,48.62618585,9.794863554,7.657215712,8.555483521,13.94211988,8.507054617,9.234966522,16.78933058,44.45201916,24.83308654,22.69079985,26.5110104,18.70856545,35.75181809,25.45727723,29.76148392,21.64953938,21.54918635,9.551265919,15.84999334,15.0664695,21.68258759,20.43046012,23.58735046,26.79728809,25.90087137,28.42955558,24.50580315,30.00402006,25.57386657,29.8700667,12.37663664,18.76485186,23.31200581,18.59269339,19.41930191,22.68476323,25.44248903,30.13321296,23.28205662,24.14087586,22.35233872,24.42363043,19.99975068,22.29595404,19.88142644
Deposit_Retardance_Full_Mean,AD,0,0.252495168,1,0,0.190640772,1,0.189303065,0,0.121380574,1,0,0.101659443,1,0.137981141,1,0.020529367,1,1,0.006993748,1,0.010325567,26.75035733,30.7488671,23.39758213,24.38069545,28.3179683,23.28205662,11.02491115,15.36412135,6.175713732,44.09735076,16.53930514,20.16779402,13.84070318,36.00502225,28.08382521,12.34534789,21.03261054,21.03261054,23.81073642,28.63682777,32.59369191,27.70903651,24.38069545,21.46899682,41.72928206,23.135799,21.55468645,21.23879724,20.9363245,17.11444378,36.4500836,22.34651448,14.16935761,11.81118625,30.60406241,56.12721943,27.36509216,17.49102444,13.98859615,33.28102895,27.86941289,32.67457303,39.75494398,58.48672615,11.95941267,28.93012806,31.36223068,31.13845536,22.90856008,24.89853784,36.5044403,15.91738314,13.98515256,22.06927584,28.3179683,26.28409741,31.79021374,28.3140036,32.42411934,25.74267381,37.55648174,20.61539789,32.99512704,31.31759653,13.31477483,41.42341367,43.54778345,9.793187648,16.40533679,26.78997596,14.45246687,47.88101983,35.05683235,35.95079071,40.66050421,26.05533192,60.63508897,10.45109288,16.20739919,9.282889871,74.22104221,67.18820809,18.76355307,54.16052245,29.82970992,44.71121125,30.78265163,16.78933058,44.45201916,24.83308654,22.69079985,26.5110104,18.70856545,35.75181809,25.45727723,29.76148392,21.64953938,21.54918635,9.551265919,15.84999334,15.0664695,21.68258759,20.43046012,23.58735046,26.79728809,25.90087137,28.42955558,24.50580315,30.00402006,25.57386657,29.8700667,12.37663664,18.76485186,23.31200581,18.59269339,19.41930191,22.68476323,25.44248903,30.13321296,23.28205662,24.14087586,22.35233872,24.42363043,19.99975068,22.29595404,19.88142644
Background_Retardance_Horz_Mean,PC,0,0.65519283,1,0,0.781302194,1,0.763205572,0,0.081093767,1,0,0.136655647,1,0.122737881,0,0.131774833,1,0,0.115548345,1,0.109836274,-6.024298322,-5.858042214,-7.863725053,-5.746476469,-5.940095868,-6.914181119,2.268932961,2.956298269,7.291529165,-6.28830897,-8.162233708,-5.711186419,-6.097352164,-4.86778117,-6.38870467,-6.346916155,-5.673457035,-5.673457035,-3.201452175,-8.417572346,-6.682294943,-6.71217664,-3.586297932,-6.80989009,-4.563251873,-6.091579979,-4.193964592,-3.730821021,-4.295901336,-4.696964257,-3.805244473,-2.701229398,-5.506305787,-6.920795056,-4.860805808,-6.448589736,-5.402423231,-4.939794049,-5.836016378,-5.936181756,-6.165664272,-4.275597351,-6.510813532,-5.746476469,-4.96408461,-10.20966489,-11.62235439,-14.90402886,-5.686695995,-7.356571485,-7.101481512,-6.447904847,-4.889871478,-5.061220159,-2.411876867,-5.800018393,-6.007573094,-6.559242616,-7.952137319,-5.292440637,-15.37179261,-7.376032884,-6.563059208,-6.080942412,-6.837904582,-4.859492422,-5.066496596,-4.986924908,-5.940095868,-5.110478932,-5.864582648,-5.804961296,-3.535897773,-5.983438256,-7.558791973,-10.09484411,-7.239732441,-6.025442163,-3.54489838,-6.409629961,7.292985511,-5.721704195,-4.593089219,-5.256102719,-7.644578175,-5.73735174,-5.981331996,-4.757473687,-43.79287987,-2.774388408,-4.077988152,-7.25635097,-7.260530113,-19.62695268,-9.038392587,-17.28206553,-8.293591935,-6.489278665,-3.595714189,-7.964655897,-2.432301248,-6.914181119,-0.586413635,-5.925822352,-4.582037243,-9.94948753,-4.437197785,-4.881341638,-6.721334058,-10.10572483,-7.924917382,7.855487951,-6.055784283,-5.806498118,-5.277939186,-7.621303436,-6.338958126,-6.965486847,-10.4741869,-4.969869605,-11.63434396,-9.33133057,-8.669799085,-9.391483953,-6.732370237,-8.600389216
Deposit_Retardance_Horz_Mean,AD,0,0.695989472,1,0,0.324291567,1,0.384492587,0,0.121380574,1,0,0.073844231,1,0.076782496,1,0.002139874,1,1,0.002449008,1,0.002001796,-2.44574508,1.38619622,-7.863725053,-0.447350982,-0.129000678,-6.914181119,17.18381435,16.92711302,7.291529165,-22.4188453,-6.862799715,-7.81040442,12.5004244,28.93716812,-18.16997495,11.91950566,6.703266411,6.703266411,4.385464947,-27.0872104,-5.220932191,-0.447350982,1.746234922,13.49219054,17.64895535,-0.262345386,16.79360731,17.15145141,-6.243882492,-14.57257339,33.03311335,6.22357689,-12.40105229,-3.919789007,-23.03257077,-28.20423634,6.631900908,0.984428392,4.082029981,-12.22101594,23.67301939,10.93310263,-35.89280687,-30.67741999,-5.896260373,-5.424080188,-28.6405574,-23.52065673,-3.268270374,-17.06138282,2.268186242,-1.452880426,3.232231822,20.77212608,-0.129000678,21.28188002,6.636130466,-22.91771003,-28.56235399,11.26328698,-18.22862826,-9.312910211,-9.239503971,3.228681591,8.528592164,38.61644638,-3.603482782,-7.525974239,-4.614360261,-2.466868728,-5.377736349,16.57093112,8.238713122,2.365532574,25.98308145,-25.50348484,-29.54728541,-1.396279717,4.859343248,-4.657056933,1.043782686,32.29226586,15.46597333,-12.97457432,-12.88670635,41.4282773,10.71264086,-4.757473687,-43.79287987,-2.774388408,-4.077988152,-7.25635097,-7.260530113,-19.62695268,-9.038392587,-17.28206553,-8.293591935,-6.489278665,-3.595714189,-7.964655897,-2.432301248,-6.914181119,-0.586413635,-5.925822352,-4.582037243,-9.94948753,-4.437197785,-4.881341638,-6.721334058,-10.10572483,-7.924917382,7.855487951,-6.055784283,-5.806498118,-5.277939186,-7.621303436,-6.338958126,-6.965486847,-10.4741869,-4.969869605,-11.63434396,-9.33133057,-8.669799085,-9.391483953,-6.732370237,-8.600389216
Background_Retardance_Lin_Mean,PC,0,0.748236951,1,0,0.907480416,1,0.905773705,0,0.050736741,1,0,0.987487545,1,0.987463484,0,0.081093767,1,0,0.965165382,1,0.965939305,9.941526834,10.02512566,9.962998025,9.396562308,9.162333571,7.953048491,2.670484835,3.59368056,8.092727787,9.238053926,9.837710142,8.650582762,8.350909522,10.21022451,9.044383319,9.396562308,9.674042815,9.674042815,8.86908686,10.12664686,11.08988762,11.93521945,11.93786895,8.988102397,8.70251152,9.665104739,7.199713383,8.318172056,7.908033266,8.25233395,7.866160997,7.427276162,8.431814296,9.939660962,7.31466625,9.90795195,8.348271371,8.325721324,10.35524464,11.75170166,9.490341419,8.231906715,10.22727441,10.34832317,8.702097501,16.60701778,17.25145142,20.12347133,9.524112808,10.55017571,9.933704322,7.002739096,7.85233507,8.968796308,9.162785132,8.408969357,9.60685545,9.012926743,9.918788136,8.373110234,21.19336766,10.90258389,10.41681274,9.914435754,8.392479211,7.532582214,10.31940208,8.727020072,8.523494289,7.595101043,8.681720829,9.395324445,8.823407471,9.658870793,10.35811818,12.75944835,10.40407135,9.030537637,8.132039003,9.162333571,26.73585352,9.513486451,7.309234186,8.361220912,13.57664016,8.151186422,9.093830246,9.32118175,44.04400934,3.985892932,4.229160288,7.473359187,7.631316975,35.59254563,10.79558208,22.31148127,8.427254109,6.575669449,4.715004421,8.32093008,3.109559303,6.938652504,17.70134631,5.986417874,4.780072624,10.01416641,5.197543231,5.141815123,6.821055969,10.22627429,7.953048491,9.572698417,6.106484379,5.946962808,5.437467129,8.617216011,6.605563793,18.14540481,10.6095195,5.069969523,12.02371012,9.376890004,8.829657712,9.418789432,6.795919302,8.70733041
Deposit_Retardance_Lin_Mean,AD,0,0.32178088,1,0,0.270434586,1,0.259555498,1,5.38E-06,1,1,1.04E-10,1,2.68E-08,1,6.30E-07,1,1,1.66E-10,1,1.16E-08,26.22653918,29.42650496,9.962998025,24.10469558,27.24219989,7.953048491,10.8815335,14.33970939,8.092727787,43.02741392,16.02049075,20.10334069,13.52024608,35.45123344,26.92060549,12.22302643,20.97894524,20.97894524,23.26611436,28.17676713,32.45521352,27.46260927,24.10469558,21.18686462,39.37955785,23.07572849,21.39465437,21.02351589,20.10749774,17.0080081,36.3174477,22.20252165,14.02848588,10.94674132,29.74199733,55.85215557,26.89557723,17.21846857,13.54298064,33.13988725,27.78676857,30.9076516,39.51021571,58.06336869,11.57587699,28.24442475,30.86254407,28.13244046,22.71311751,24.82493446,33.56454709,15.88272343,13.91407398,21.78049479,27.24219989,25.71727919,31.11298702,27.18750398,32.3340767,25.11835638,37.53382803,20.47553349,31.94635648,30.37336643,12.82910916,41.22244109,37.03456193,9.550404855,16.21000083,25.88614873,11.86602013,46.65098215,33.86789125,35.86773551,39.33263878,25.74803664,57.18910352,9.498913215,16.13940237,8.655289408,70.12732806,65.66055398,18.47684354,40.63305906,29.64371061,44.18602267,29.6361172,9.32118175,44.04400934,3.985892932,4.229160288,7.473359187,7.631316975,35.59254563,10.79558208,22.31148127,8.427254109,6.575669449,4.715004421,8.32093008,3.109559303,6.938652504,17.70134631,5.986417874,4.780072624,10.01416641,5.197543231,5.141815123,6.821055969,10.22627429,7.953048491,9.572698417,6.106484379,5.946962808,5.437467129,8.617216011,6.605563793,18.14540481,10.6095195,5.069969523,12.02371012,9.376890004,8.829657712,9.418789432,6.795919302,8.70733041
